name,refs,radius,onePixelDist,lodCount,verts0,tris0,verts1,tris1,verts2,tris2,verts3,tris3,verts4,tris4,verts5,tris5,verts6,tris6,verts7,tris7
skybox_default_day,1,1362.16,1758087.75,1,316,448
p7_monitor_wall_safehouse_01_flat_nrc_desktop,2,90.23,116458.89,8,38,16,40,18,75,35,167,73,260,136,498,274,775,458,1285,918
p7_bio_door_wood_lt,4,189.34,244375.84,5,266,141,676,636,736,670,1978,2028,1978,2028
p7_sin_trashcan_wood,2,87.00,112282.66,8,84,52,184,103,292,203,471,356,711,612,1437,1267,2421,2504,3649,4950
p7_sofa_leather_3seater_dirty,9,123.67,159621.34,8,56,28,118,56,250,148,404,288,649,664,1097,1364,1583,2154,1981,2878
p7_sgen_desk_lobby_01,3,241.39,311550.31,6,247,155,914,672,2821,2146,4411,3444,7417,6519,9102,8686
p7_anim_sin_bar_room_door,15,189.14,244111.05,8,30,16,41,26,78,55,157,111,283,208,482,417,690,694,1060,1390
p7_desk_metal_military_02,29,104.15,134427.97,6,1197,786,1311,916,2013,2076,3362,3272,5030,4610,6690,6556
p7_cai_store_monitor_06,29,24.43,31534.35,4,308,188,508,356,854,698,1350,1190
p7_zur_bookshelf_01,11,505.18,652018.63,6,131,52,229,94,351,160,609,334,1222,671,2138,1344
p7_fence_metal_corrugated_framed_bent_white,75,132.98,171634.16,8,32,18,66,36,199,153,199,153,200,153,608,569,1022,1074,1538,1823
p7_zur_nw_clamp_factory_stairs_vista,4,317.23,409438.06,4,72,28,132,60,251,120,460,240
p7_zur_nw_clamp_factory_stairs_railing_vista,7,319.31,412121.69,4,214,102,396,215,669,432,1012,864
p7_pro_door_glass_steel_r_swing,3,189.15,244130.45,4,391,221,740,461,1403,924,2362,1848
p7_desk_metal_military_03,3,122.46,158050.73,8,110,57,196,117,675,414,1135,711,2163,1493,4291,2881,4771,5057,5534,5862
p7_cai_chair_lounge_greek,3,84.13,108587.62,8,56,28,192,96,270,142,459,286,976,708,1452,1382,2476,2130,2932,2850
p7_farm_table_wood,5,179.36,231488.31,5,272,136,356,264,696,488,832,766,1396,1487
p7_coffee_table_modern,2,52.65,67953.30,8,82,52,133,106,244,212,473,424,838,796,2543,2784,3389,3822,4620,5317
p7_chair_waiting_room_01_blue,210,64.36,83069.02,8,32,22,63,46,122,92,275,184,436,344,679,690,917,1152,1511,2306
p7_tv_led_flat_on,2,38.01,49053.02,8,34,16,34,16,34,16,34,16,44,24,71,50,99,86,160,172
p7_cai_apt_door_generic_lt_frame_01,2,198.82,256604.64,8,48,16,48,16,76,36,144,72,252,136,522,272,800,454,1349,908
p7_barricade_metal_gate_02_black,3,161.16,207999.00,6,126,67,208,117,336,203,686,425,1018,852,1605,1704
p7_anim_ven_gate_chainlink_01_left,2,238.94,308394.38,5,1061,692,1666,1186,3312,2474,5741,4948,9350,9896
p7_fence_wood_rustic_01_rung_6_128a,47,183.32,236603.20,5,59,48,90,84,140,176,230,354,407,708
p7_fence_wood_rustic_01_rung_single_128b,139,119.57,154320.56,6,35,26,56,46,91,80,141,168,223,337,390,678
p7_fence_wood_rustic_01_rung_single_128a,93,119.40,154104.16,6,39,28,57,48,93,84,145,176,229,354,407,708
veh_t7_civ_truck_med_vista_cargo_short,2,272.88,352193.47,8,34,16,34,16,34,16,34,16,50,26,92,56,160,114,260,228
veh_t7_civ_truck_med_vista_frame_short,2,276.77,357213.19,8,37,15,37,15,49,23,93,41,154,70,253,148,459,296,836,592
veh_t7_civ_truck_med_vista_bed_short,2,312.51,403346.84,8,36,16,36,16,36,16,36,16,50,22,90,48,156,96,267,192
veh_t7_turret_sentry_gun_world,5,122.04,157513.55,8,971,508,1847,1019,3435,2037,6352,4075,11340,7642,28044,24326,34890,32770,46406,50951
rayman,2,35.46,45765.42,1,2207,2206
p7_aqu_railings_set_metal_end_32,9,76.66,98942.75,5,161,98,217,170,346,354,604,708,1094,1402
p7_aqu_railings_set_metal_64,77,77.88,100516.91,6,104,46,212,110,278,190,433,397,748,795,1356,1582
p7_aqu_railings_set_metal_32,6,76.66,98942.75,5,187,103,247,178,404,373,697,747,1254,1486
p7_zm_der_pswitch_body,2,169.07,218214.66,8,55,34,102,70,206,140,372,282,729,529,1319,1059,1921,1766,2901,3533
p7_fxanim_gp_netting_orange_fence_01_s3_mod,34,151.48,195515.42,1,165,280
p7_dumpster_construction_red,2,202.16,260924.98,6,496,240,1719,950,2886,1791,4347,2996,5784,4580,7344,6046
p7_aqu_scaffolding_metal_worn_blue_09,5,157.47,203247.33,4,46,22,94,46,204,92,336,184
p7_aqu_scaffolding_metal_worn_01,7,208.74,269412.28,4,142,70,294,146,620,292,1160,584
p7_aqu_scaffolding_metal_worn_03,2,208.74,269412.28,4,94,46,202,98,404,196,784,392
p7_beams_construction_stack_wood_blue_ends,4,123.92,159935.84,8,20,10,20,10,20,10,242,127,815,422,1721,886,3696,2120,7400,3548
p7_beams_construction_stack_wood_orange_ends,3,123.92,159935.84,8,20,10,20,10,20,10,242,127,815,422,1721,886,3696,2120,7400,3548
p7_construction_hardhat,5,12.15,15680.87,8,42,20,70,40,125,80,171,142,330,256,544,482,796,826,1687,2000
p7_beams_construction_stack_wood_white_ends,2,123.92,159935.84,8,20,10,20,10,20,10,242,127,815,422,1721,886,3696,2120,7400,3548
p7_barrier_construction,5,85.44,110275.84,5,262,133,434,228,602,394,1610,1119,2271,1912
p7_pallet_truck_dirty,2,99.56,128497.75,8,102,46,175,93,178,96,732,526,1593,1204,3022,2326,3969,3525,4909,4686
p7_hand_truck_horizontal,2,80.12,103412.66,8,69,43,140,86,157,100,629,438,1223,1082,2306,2146,2962,3210,3593,4354
veh_t7_civ_truck_med_utility2_sing,2,305.57,394394.53,8,820,411,1463,819,2632,1635,4237,2864,6890,4927,12964,10272,22581,20576,35327,41133
veh_t7_civ_truck_med_attch_util_bumper02_sing,2,251.03,323994.09,1,2439,3226
veh_t7_civ_truck_med_attch_util_topattach01,2,247.48,319408.41,8,36,16,77,37,147,77,263,154,412,309,548,463,648,619,743,776
veh_t7_civ_truck_med_attch_boom_sing,2,418.33,539924.63,8,277,130,508,259,912,520,1473,911,2453,1564,4414,3259,7221,6521,11321,13042
veh_t7_civ_truck_med_wheel_back_util_attch,3,51.64,66646.45,8,132,65,246,132,391,266,546,467,829,801,1657,1668,2916,4260,4222,6678
veh_t7_civ_truck_med_wheel_front_util_attch,3,37.43,48309.95,8,102,48,188,98,308,196,420,342,618,588,1301,1226,2346,3264,3256,4908
veh_t7_civ_truck_med_utility1_sing_aband,2,305.57,394394.53,8,6890,4927,12964,10272,17845,15209,22581,20576,26046,25518,29516,30880,32308,35817,35327,41133
veh_t7_civ_truck_med_attch_util_bumper01_sing_aband,2,249.68,322258.84,8,36,22,72,44,140,90,249,160,423,274,674,571,990,1144,1575,2288
veh_t7_civ_truck_med_attch_util_topattach01_sing_aband,2,247.48,319408.41,8,36,16,77,37,147,77,263,154,412,309,548,463,648,619,743,776
veh_t7_civ_truck_med_attch_util_topattach02_sing_aband,2,279.02,360117.50,8,48,40,104,97,195,212,347,396,537,708,880,1492,1341,3008,1364,3096
veh_t7_civ_truck_med_wheel_back_util_attch_sing_aband,3,51.64,66646.45,8,132,65,246,132,391,266,546,467,829,801,1657,1668,2916,4260,4222,6678
veh_t7_civ_truck_med_wheel_front_util_attch_sing_aband,3,37.43,48309.95,8,102,48,188,98,308,196,420,342,618,588,1301,1226,2346,3264,3256,4908
p7_box_cardboard_a_closed,3,66.77,86171.34,8,32,16,32,16,32,16,46,22,88,42,216,138,263,214,320,286
nt_2020_cardboardbox,2,45.44,58643.48,1,36,18
p7_box_cardboard_b_closed,3,59.00,76153.43,8,30,16,30,16,30,16,36,18,72,34,175,107,217,169,257,237
p7_box_cardboard_d_closed,3,43.80,56527.46,8,34,16,34,16,34,16,34,16,64,30,192,96,202,150,244,210
p7_box_wood_01_long,2,45.50,58729.69,5,361,226,506,392,618,584,736,784,736,784
p7_cart_utility_electric_01,2,160.30,206896.55,8,188,96,567,295,1203,661,3206,1857,5247,3307,9230,6249,11097,9509,12538,13045
p7_cart_utility_electric_01_guard,2,106.79,137832.36,6,180,84,468,264,804,612,1290,1080,1848,1668,2046,2864
p7_cart_utility_electric_01_seat,3,46.38,59857.96,6,82,84,138,172,408,489,1263,1641,1499,2183,1795,2733
p7_cart_utility_electric_01_steering_wheel,2,67.59,87229.95,5,162,134,244,224,430,440,573,706,629,896
p7_cart_utility_electric_01_tire,5,18.60,24000.02,5,50,44,102,120,198,240,342,384,392,480
p7_zur_nw_hospital_wall_sink,3,299.29,386281.31,1,12651,13091
p7_toilet_bathroom,9,69.00,89061.05,8,95,44,158,90,262,180,469,362,810,681,1446,1362,2032,2269,3259,4540
p7_fxanim_gp_trash_paper_toilet_roll_01_s3_mod,8,14.34,18507.74,6,26,16,37,27,58,46,108,96,203,192,356,386
p7_newspaper_vintage_folded_single_blank,2,17.95,23170.02,6,44,22,77,39,113,67,208,141,332,282,482,566
c_zom_der_zombie_body2,2,109.00,140685.31,7,575,433,918,764,1564,1424,2806,2977,5115,6004,9093,11176,14863,20389
c_zom_der_zombie_head1,2,37.08,47861.90,7,99,90,190,193,349,378,687,786,1249,1528,2238,2996,4163,6518
p7_sink_ceramic_old_01,7,48.46,62543.74,6,278,196,364,274,549,473,911,988,1382,1728,2700,3956
p7_bench_plastic_modern_01_white,63,84.47,109018.87,5,116,58,340,170,476,258,624,334,768,450
p7_desk_metal_military_01,49,104.18,134467.13,8,44,20,81,42,176,85,326,169,637,319,1155,639,1712,1065,2548,2130
p7_anim_sin_bar_room_chair,49,68.20,88022.80,8,60,42,104,85,228,172,469,344,805,647,1386,1296,1966,2161,3118,4324
veh_t7_civ_truck_med_cargo_short_egypt,2,278.15,358997.22,8,6342,4484,11734,9344,16176,13835,20516,18708,23723,23197,26963,28064,29530,32551,32338,37421
veh_t7_civ_truck_med_attch_fuelcell,5,110.33,142405.16,8,150,88,180,110,223,154,338,222,394,266,710,556,1214,1113,1910,2228
veh_t7_civ_truck_med_attch_cargo_short_egypt,2,316.71,408768.00,8,1480,1146,2819,2391,3849,3544,4783,4794,5445,5947,6169,7199,6807,8357,7459,9604
veh_t7_civ_truck_med_wheel_back_attch,11,52.27,67459.05,8,53,32,104,65,171,131,268,230,466,394,921,821,1570,1824,2528,3288
veh_t7_civ_truck_med_wheel_front_attch,9,37.90,48911.81,8,39,24,66,48,121,99,203,174,349,299,684,623,1288,1584,1863,2496
veh_t7_civ_truck_med_delivery_euro,2,278.15,358997.22,8,692,373,1325,747,2461,1492,3929,2616,7620,5610,13772,11219,23177,22448,32338,37421
veh_t7_civ_truck_med_attch_delivery_euro,2,371.22,479125.31,8,174,78,300,157,534,309,865,544,1781,1179,3099,2366,4979,4747,6926,7943
veh_t7_civ_truck_med_flatbed_ethiopia,2,278.15,358997.22,8,707,374,1340,747,2457,1493,3931,2618,7619,5612,19145,16836,23258,22438,32338,37421
veh_t7_civ_truck_med_attch_flatbed_ethiopia,2,295.19,380997.91,8,33,16,33,16,49,26,86,44,176,102,267,202,428,409,599,684
veh_t7_civ_truck_med_attch_decal_ruhanga,2,221.41,285772.41,1,18,16
veh_t7_civ_truck_med_attch_light_bar,2,211.87,273451.28,4,28,18,50,40,80,82,129,164
veh_t7_civ_truck_med_attch_light_bar_base,2,200.08,258239.86,4,30,16,56,30,78,60,132,120
p7_zm_zod_pastry_cart_devil_red,5,100.01,129082.59,8,52,22,96,46,196,90,340,158,568,270,1017,570,1787,1154,2814,2310
p7_zm_zod_pastry_cart_wheel,9,20.86,26918.96,4,613,488,776,680,1300,1360,2284,2720
veh_t7_civ_car_compact_green_cairo,2,128.39,165712.47,8,754,461,3228,2305,6012,4610,10980,9222,19158,18444,25008,27665,30538,37810,34638,46110
veh_t7_civ_license_plate_mount_short,3,12.11,15631.01,8,30,16,30,16,30,16,30,16,30,16,30,16,44,26,70,52
veh_t7_civ_license_plate_back_cairo_compact_grn,2,12.93,16688.54,8,28,16,28,16,28,16,28,16,30,18,61,39,100,78,150,158
veh_t7_civ_license_plate_front_cairo_compact_grn,2,13.01,16793.12,8,28,16,28,16,28,16,28,16,30,18,61,39,100,78,150,158
veh_t7_civ_car_compact_blue_sing,2,128.39,165712.47,8,754,461,3228,2305,6012,4610,10980,9222,19158,18444,25008,27665,30538,37810,34638,46110
veh_t7_civ_license_plate_mount_long,3,17.68,22823.28,8,30,16,30,16,30,16,30,16,30,16,30,16,44,26,70,52
veh_t7_civ_license_plate_back_singapore_compact_blu_met,2,17.76,22917.21,8,32,16,32,16,32,16,32,16,32,16,50,28,89,56,122,114
veh_t7_civ_license_plate_front_singapore_compact_blu_met,2,17.76,22917.12,8,34,16,34,16,34,16,34,16,34,16,50,28,94,56,126,114
p7_foliage_bush_sakaki_small_01_dry,2,80.72,104185.37,6,140,76,140,76,140,76,232,168,435,407,742,828
p7_foliage_bush_sakaki_small_01_snow,2,80.72,104185.37,6,113,57,140,76,140,76,232,168,435,407,742,828
p7_foliage_bush_sakaki_small_01_sway,2,80.72,104185.37,6,113,57,140,76,140,76,232,168,435,407,742,828
p7_foliage_flower_bougainvillea_bushyvarient,3,39.57,51075.31,8,550,219,1965,753,2682,1347,4102,2584,7168,5842,11447,11310,15336,16443,18079,21979
p7_foliage_flower_bougainvillea_bushyvarient_snow,3,39.57,51075.31,8,550,219,1965,753,2682,1347,4102,2584,7168,5842,11447,11310,15336,16443,18079,21979
p7_foliage_bush_sakaki_thick_01,2,128.13,165376.64,6,175,112,175,112,176,114,232,191,606,605,868,868
p7_foliage_bush_sakaki_thick_01_snow,2,128.13,165376.64,6,175,112,175,112,176,114,232,191,606,605,868,868
p7_foliage_tree_elm_english_tall_vista,4,862.28,1112918.00,8,48,16,72,24,145,49,259,87,445,149,881,311,1339,623,2325,1246
p7_proto_fence_chainlink,3,232.07,299524.22,4,62,30,121,58,156,102,236,204
p7_sin_fence_chainlink_debris_post_set_04,17,213.24,275217.81,4,257,145,304,198,524,457,785,824
p7_cai_table_cafe_01,8,68.55,88479.81,8,126,94,126,94,126,94,168,116,285,293,555,582,781,874,1012,1164
veh_t7_zmb_1940_bus_yellow,7,387.46,500082.91,8,790,394,1454,788,2677,1580,4197,2765,6693,4740,12436,9889,22598,19801,36266,39607
veh_t7_zmb_1940_bus_sign_attach_black,7,204.46,263887.88,1,120,60
p7_sin_bus_stop_shelter,3,229.81,296608.75,6,164,98,641,523,1420,1525,2429,2991,3536,4537,4631,6425
p7_zm_zod_keeper_portal_01,3,94.64,122144.66,1,383,424
p7_chair_wing_back,36,84.06,108499.33,6,49,36,81,64,143,112,259,234,457,470,724,940
p7_armoire_wood_varnished_door_right,2,177.92,229636.47,6,58,30,105,58,155,82,243,156,319,284,404,456
p7_armoire_wood_varnished_door_left,2,177.92,229636.47,6,62,32,104,58,159,84,247,158,323,286,408,458
veh_t7_civ_truck_med_extd_delivery_vintage,2,367.39,474171.59,6,2653,1612,4231,2826,6852,4849,12604,10099,22390,20227,35260,40462
veh_t7_civ_truck_med_attch_extd_delivery,2,456.99,589821.69,8,172,82,322,168,579,335,960,585,1923,1255,3395,2521,5543,5074,7405,8475
veh_t7_civ_truck_med_attch_decal_vintage_delivery,2,429.44,554261.50,1,24,18
veh_t7_civ_city_car_white_sing,2,136.17,175756.33,8,876,498,1518,1003,3056,2012,5164,3555,8666,6141,16526,12871,28827,25860,43654,49388
veh_t7_civ_license_plate_back_singapore_compact_wht,2,17.76,22917.21,8,32,16,32,16,32,16,32,16,32,16,50,28,89,56,122,114
veh_t7_civ_license_plate_front_singapore_compact_wht,2,17.76,22917.12,8,34,16,34,16,34,16,34,16,34,16,50,28,94,56,126,114
veh_t7_civ_city_car_orange_sing,2,136.17,175756.33,8,876,498,1518,1003,3056,2012,5164,3555,8666,6141,16526,12871,28827,25860,43654,49388
veh_t7_civ_license_plate_back_singapore_compact_org,2,17.76,22917.21,8,32,16,32,16,32,16,32,16,32,16,50,28,89,56,122,114
veh_t7_civ_license_plate_front_singapore_compact_org,2,17.76,22917.12,8,34,16,34,16,34,16,34,16,34,16,50,28,94,56,126,114
veh_t7_civ_city_car_green_zurich,3,136.17,175756.33,8,876,498,1518,1003,3056,2012,5164,3555,8666,6141,16526,12871,28827,25860,43654,49388
veh_t7_civ_license_plate_back_zurich_compact_grn,3,17.76,22917.21,8,32,16,32,16,32,16,32,16,32,16,48,28,89,56,122,114
veh_t7_civ_license_plate_front_zurich_compact_grn,3,17.76,22917.12,8,32,16,32,16,32,16,32,16,32,16,48,28,94,56,126,114
veh_t7_civ_city_car_dead_white_sing,3,132.73,171312.77,8,565,284,1022,569,1938,1139,3308,1993,5463,3418,10654,7125,18813,14251,31348,28488
p7_cai_light_metal_lamppost,3,434.79,561164.56,5,112,52,175,88,327,185,541,372,854,744
p7_zur_nw_train_vista_tree_group_03,22,1730.49,2233488.25,1,8,6
p7_zur_nw_train_vista_tree_group_02,6,1705.45,2201167.75,1,8,6
p7_zur_nw_train_vista_tree_group_01,22,1778.41,2295328.50,1,8,6
p7_zur_foliage_tree_redwood_lrg_01_lrg,82,3215.09,4149601.25,6,158,266,200,304,200,304,590,1035,609,1066,609,1066
p7_foliage_tree_redwood_lrg_mid,82,2722.23,3513494.75,6,3704,1986,6056,3426,9035,5535,11335,8924,15054,12272,16794,14974
p7_foliage_tree_redwood_lrg_top,82,2851.01,3679700.75,6,5378,2902,8669,4879,13627,7776,17457,12783,21105,17134,23519,20983
p7_ven_chinese_street_lamp_v1,11,226.04,291743.94,6,270,172,300,214,494,390,1170,1106,1667,1802,3305,3426
p7_foliage_bush_sakaki_wall_01_sway,8,154.22,199048.23,6,120,58,149,73,219,109,304,156,501,325,961,733
p7_foliage_bush_sakaki_thick_02,264,125.24,161647.45,6,178,112,178,112,231,191,264,219,619,598,919,864
veh_t7_tu1_train_boxcar,2,467.01,602758.81,4,7694,6256,10929,8404,12805,10216,14160,14112
veh_t7_civ_truck_med_vista_cargo_cairo,2,272.88,352193.47,8,34,16,34,16,34,16,34,16,50,26,92,56,160,114,260,228
veh_t7_civ_truck_med_vista_bed_and_frame_long_cairo,2,394.92,509708.44,1,1320,968
p7_vista_train_car_01,2,1863.29,2404883.75,4,4219,2417,8314,4837,11783,7256,14133,9678
p7_aqu_vista_building_urban_sprawl_01,5,5405.98,6977312.50,1,792,413
p7_sin_vista_building_rowhouse_03,2,2043.44,2637393.00,1,523,295
p7_zur_vista_seelisberg_town_house_03,3,511.44,660094.94,1,260,132
p7_cai_vista_building_carentan_a,3,1018.13,1314070.00,1,4700,2913
p7_sin_vista_building_rowhouse_05,3,1039.11,1341146.38,1,731,398
p7_sin_vista_building_rowhouse_destroyed_01,2,1612.85,2081650.13,1,1182,739
p7_cai_vista_building_slum_01a_brown_backlit,2,1135.89,1466051.25,8,46,16,46,16,58,20,111,41,169,79,321,158,456,265,886,531
p7_cai_vista_building_carentan_g,2,1331.45,1718453.50,1,5199,3667
p7_cai_vista_building_carentan_i,2,1320.50,1704322.38,1,3340,2445
p7_cai_vista_building_carentan_h,2,953.90,1231161.00,1,2977,2199
p7_cai_vista_building_slum_01c_backlit,2,833.23,1075421.63,8,42,16,42,16,42,16,48,18,88,36,147,73,226,122,399,246
p7_sin_vista_building_tower_a_short,2,5655.75,7299687.00,1,5365,4119
p7_zur_vista_city_building_a,2,1565.71,2020808.63,1,46,22
p7_zur_vista_city_building_b,2,978.24,1262575.63,1,46,22
p7_zur_vista_city_building_d_snow,2,1072.71,1384513.75,1,42,22
veh_t7_civ_city_car_orange_zurich,2,136.17,175756.33,8,876,498,1518,1003,3056,2012,5164,3555,8666,6141,16526,12871,28827,25860,43654,49388
veh_t7_civ_license_plate_back_zurich_compact_org,2,17.76,22917.21,8,32,16,32,16,32,16,32,16,32,16,48,28,89,56,122,114
veh_t7_civ_license_plate_front_zurich_compact_org,2,17.76,22917.12,8,32,16,32,16,32,16,32,16,32,16,48,28,94,56,126,114
veh_t7_civ_city_car_dead_black,2,132.73,171312.77,8,565,284,1022,569,1938,1139,3308,1993,5463,3418,10654,7125,18813,14251,31348,28488
p7_fxanim_gp_trash_bag_small_01_green_s3_mod,5,23.71,30606.62,6,33,26,50,48,82,81,173,171,281,343,486,686
p7_fxanim_gp_trash_bag_small_02_green_s3_mod,2,29.28,37787.09,6,30,28,62,50,96,86,161,180,266,362,477,726
p7_flag_pole_base_01,2,33.70,43490.50,8,62,60,105,124,180,242,371,490,628,928,1169,1862,1571,2834,1644,3116
p7_flag_pole_25_feet_01,2,538.05,694443.06,8,74,36,126,72,218,144,371,289,651,544,1207,1088,1765,1818,2736,3632
p7_bag_duffel_military,62,32.46,41893.56,5,262,292,1141,1224,2082,2370,3019,3632,3923,4862
p7_bag_satchel_modern_black,4,32.93,42506.63,8,59,44,122,87,249,173,1011,838,1519,1388,2406,2588,3032,3602,3542,4420
p7_debris_trash_snack_bag_06,2,13.19,17017.77,8,23,16,23,16,23,16,23,16,39,30,59,62,84,104,131,210
p7_debris_trash_snack_bag_07,3,14.97,19325.94,8,21,16,21,16,21,16,21,16,31,28,51,58,76,98,130,196
p7_debris_trash_snack_bag_02,2,7.88,10169.68,8,23,16,23,16,23,16,23,16,26,20,39,42,56,72,93,144
p7_debris_trash_paperbag_01_wet,2,17.99,23220.97,8,29,16,29,16,29,16,36,26,63,48,102,96,145,162,225,326
p7_breadbag_flat,2,19.70,25425.19,8,26,16,38,22,74,46,130,91,205,172,356,346,533,578,955,1156
p7_dispenser_paper_towel,3,19.09,24639.49,5,202,158,554,450,1009,1115,1095,1263,1357,1671
p7_purel_dispenser,2,14.35,18521.92,8,26,16,26,16,26,16,46,32,79,60,126,120,198,202,329,404
p7_sandbag_stack_32_middle,69,95.18,122851.95,8,220,190,413,382,712,764,1303,1530,2342,2869,4043,5741,6089,9569,10718,19140
p7_sandbag_stack_32_right,4,60.21,77707.17,8,176,140,296,280,516,560,960,1122,1700,2104,2940,4210,4449,7018,7859,14036
p7_sandbag_short,2,95.18,122851.95,8,220,190,413,382,712,764,1303,1530,2342,2869,4043,5741,6089,9569,10718,19140
p7_sandbag_short_left,3,74.25,95834.41,8,165,126,283,254,469,510,865,1020,1564,1914,2693,3828,4083,6380,7149,12760
p7_sandbag_stack_32_middle_vista,2,94.64,122153.16,8,24,16,55,34,92,68,167,136,291,254,523,510,762,850,1352,1700
p7_sandbag_short_right,3,60.21,77707.17,8,176,140,296,280,516,560,960,1122,1700,2104,2940,4210,4449,7018,7859,14036
p7_sandbag_stack_44_middle,2,79.58,102705.90,8,38,26,65,50,130,106,248,212,407,396,688,794,1058,1324,1726,2650
p7_sandbag_stack_44_end,4,76.49,98720.02,8,168,126,286,254,493,510,880,1020,1553,1914,2706,3828,4059,6380,7149,12760
p7_sandbag_stack_32_left,2,74.25,95834.41,8,165,126,283,254,469,510,865,1020,1564,1914,2693,3828,4083,6380,7149,12760
p7_eth_foliage_grass_tall_wild,40,117.58,151751.94,8,36,17,65,34,104,69,202,172,315,432,315,432,612,918,1054,1728
p7_foliage_grass_02_sway,218,158.10,204059.42,4,100,48,100,48,144,96,624,576
p7_cell_antenna_roof_pole,71,315.22,406842.81,3,44,40,60,56,76,72
p7_debris_junkyard_scrap_pile_02,7,196.63,253787.75,5,206,124,307,214,675,447,1255,1032,1823,1793
p7_debris_junkyard_scrap_pile_03,6,134.70,173854.66,6,58,38,93,68,158,118,334,248,547,496,929,992
p7_debris_junkyard_scrap_bit_01,6,76.48,98710.70,6,26,22,51,46,76,88,122,176,195,294,406,590
p7_debris_junkyard_scrap_bit_03,2,62.77,81019.77,6,24,16,28,20,56,36,119,74,194,124,321,250
p7_debris_junkyard_scrap_bit_02,2,96.74,124865.21,8,24,16,24,16,24,16,40,30,74,56,142,114,193,190,313,382
p7_biodome_rock_medium_01,6,215.39,277993.00,8,39,24,66,48,115,98,227,198,364,372,583,746,829,1244,1458,2490
p7_pipe_metal_hp_4_straight_16_grey_dk,10,28.20,36391.27,6,35,18,60,32,66,54,139,116,212,232,342,464
p7_pipe_metal_hp_4_elbow_90_bare,2,23.56,30406.07,6,61,38,82,68,129,118,225,246,382,494,634,988
p6_anim_zm_barricade_board_collision,1,159.07,205306.47,1,144,72
p7_anim_zm_barricade_board_01,1,90.18,116389.48,8,30,16,32,18,64,38,113,75,185,144,357,288,509,482,826,964
p6_anim_zm_barricade_board_01_upgrade,1,90.51,116812.21,3,56,28,308,226,540,420
p7_anim_zm_barricade_board_02,1,93.80,121070.58,8,34,16,34,16,44,24,85,48,137,92,272,186,427,310,689,624
p6_anim_zm_barricade_board_02_upgrade,1,94.59,122083.59,3,56,28,299,224,527,422
p7_anim_zm_barricade_board_03,1,94.08,121425.12,8,36,16,36,16,44,24,86,48,145,92,271,186,428,312,684,624
p6_anim_zm_barricade_board_03_upgrade,1,94.59,122083.59,3,56,28,299,224,527,422
p7_anim_zm_barricade_board_04,1,90.17,116374.05,8,28,16,36,18,64,38,115,75,186,144,366,289,502,481,826,964
p6_anim_zm_barricade_board_04_upgrade,1,90.51,116812.21,3,56,28,308,226,540,420
p7_anim_zm_barricade_board_05,1,90.35,116616.63,8,32,16,32,16,44,24,85,48,137,92,276,186,434,312,679,624
p6_anim_zm_barricade_board_05_upgrade,1,90.51,116812.21,3,56,28,308,226,540,420
p7_anim_zm_barricade_board_06,1,90.53,116849.09,8,34,16,34,16,44,24,85,48,145,92,281,186,429,312,688,624
p6_anim_zm_barricade_board_06_upgrade,1,90.51,116812.21,3,56,28,308,226,540,420
c_zom_zod_zombie_fem_body1_g_rarmspawn,1,10.92,14091.57,8,29,16,42,29,74,59,156,118,272,220,443,443,603,737,975,1477
p7_gib_chunk_meat_01,1,8.37,10799.08,8,28,16,28,16,28,16,28,16,34,22,59,45,84,75,125,150
p7_gib_chunk_meat_02,1,9.07,11706.89,8,24,16,24,16,24,16,24,16,24,16,40,31,64,52,92,104
p7_gib_chunk_meat_03,1,7.17,9249.88,8,27,15,27,15,27,15,27,15,34,21,58,45,87,74,122,150
p7_gib_chunk_flesh_01,1,5.90,7616.80,8,28,16,28,16,28,16,28,16,35,22,56,44,81,74,121,150
p7_gib_chunk_flesh_02,1,5.91,7622.39,8,28,16,28,16,28,16,28,16,30,20,53,41,86,68,158,137
p7_gib_chunk_flesh_03,1,4.86,6274.95,8,28,16,28,16,28,16,28,16,33,21,59,43,92,72,136,146
p7_gib_chunk_bone_01,1,5.09,6573.44,8,20,16,20,16,20,16,20,16,20,16,30,22,48,36,84,74
p7_gib_chunk_bone_02,1,3.59,4638.71,8,31,16,31,16,31,16,31,16,31,16,36,21,53,36,82,74
p7_gib_chunk_bone_03,1,4.87,6290.56,8,24,16,24,16,24,16,24,16,24,16,36,28,74,48,122,96
c_zom_zod_zombie_fem_body1_g_rlegspawn,1,15.88,20500.06,8,33,16,35,20,69,39,114,81,184,151,322,303,435,506,802,1013
c_zom_zod_zombie_fem_body1_g_larmspawn,1,10.92,14091.57,8,25,15,48,29,92,59,155,117,274,220,442,443,602,737,975,1477
c_zom_zod_zombie_fem_body1_g_llegspawn,1,15.88,20500.06,8,28,15,39,19,69,39,115,81,196,151,323,302,447,505,801,1013
c_zom_der_zombie_helmet1,1,13.37,17260.95,7,37,32,93,70,127,118,304,269,513,521,820,832,1333,1550
c_zom_der_zombie_body1,1,108.73,140333.23,7,599,393,929,733,1706,1457,2947,2850,5166,5336,8842,9951,14700,18895
c_zom_der_zombie_head2,1,37.01,47765.27,7,88,91,167,189,306,385,524,769,1138,1520,2176,3074,4115,6674
c_zom_der_zombie_head3,1,37.89,48902.07,7,103,116,222,237,384,429,713,912,1377,1696,2672,3671,4887,7623
c_zom_der_zombie_body1_g_upclean,1,108.73,140333.23,7,445,281,710,540,1190,1005,1920,1848,3537,3607,6135,6919,10312,13421
c_zom_der_zombie_body1_g_rarmoff,1,108.73,140333.23,7,405,246,649,454,1089,861,1781,1624,3219,3113,5615,6067,9601,12136
c_zom_der_zombie_body1_g_larmoff,1,108.73,140333.23,7,387,236,640,470,1110,893,1775,1627,3280,3190,5723,6202,9752,12349
c_zom_der_zombie_body1_g_behead,1,24.09,31095.56,7,30,24,40,33,52,48,117,102,208,201,462,501,1181,1521
c_zom_der_zombie_body1_g_lowclean,1,66.00,85186.52,7,154,112,219,193,516,452,1027,1002,1629,1729,2707,3032,4388,5474
c_zom_der_zombie_body1_g_rlegoff,1,65.99,85175.44,7,137,93,167,140,349,325,759,732,1105,1212,1962,2202,3407,4372
c_zom_der_zombie_body1_g_llegoff,1,66.00,85186.05,7,156,103,196,154,455,352,830,742,1252,1251,2145,2325,3765,4693
c_zom_der_zombie_body1_g_blegsoff,1,34.92,45074.13,7,139,84,144,101,288,225,562,472,728,734,1400,1495,2805,3581
c_zom_der_zombie_body2_g_upclean,1,109.00,140685.31,7,406,291,631,471,1131,955,2044,2027,3662,4112,6790,7923,10624,13869
c_zom_der_zombie_body2_g_rarmoff,1,108.99,140674.42,7,339,230,524,390,945,788,1758,1713,3252,3543,6270,7122,10255,13217
c_zom_der_zombie_body2_g_larmoff,1,109.01,140690.83,7,376,260,578,416,1054,846,1922,1849,3472,3761,6641,7608,10676,13910
c_zom_der_zombie_body2_g_behead,1,25.40,32783.80,7,31,24,40,33,52,48,117,102,208,201,462,501,1188,1521
c_zom_der_zombie_body2_g_lowclean,1,65.73,84835.20,7,169,142,287,293,433,469,762,950,1453,1892,2303,3253,4239,6520
c_zom_der_zombie_body2_g_rlegoff,1,65.73,84841.80,7,174,129,252,244,340,336,573,686,1032,1295,1679,2257,3341,4957
c_zom_der_zombie_body2_g_llegoff,1,65.72,84822.46,7,162,127,248,238,366,368,656,758,1150,1441,1895,2562,3894,5857
c_zom_der_zombie_body2_g_blegsoff,1,37.84,48838.22,7,167,114,213,189,273,235,467,494,729,844,1271,1566,2998,4294
p7_desk_metal_old_01_body_rusty,1,92.02,118760.76,8,78,38,144,78,334,208,504,318,1644,980,2794,2004,3824,3066,4635,3950
p7_aqu_solar_array_long_handrails_cheap_03,1,287.56,371149.97,8,27,15,27,15,27,15,27,15,27,15,27,15,27,15,42,28
p7_zm_vending_packapunch,1,177.48,229062.03,8,221,121,440,243,750,486,1432,971,2433,1821,4392,3644,6532,6074,10362,12151
p7_zm_vending_packapunch_on,1,177.48,229062.03,8,221,121,440,243,750,486,1432,971,2433,1821,4392,3644,6532,6074,10362,12151
p7_zm_der2_vending_packapunch_sign_wait,1,41.05,52979.08,8,36,16,36,16,36,16,36,16,36,16,36,16,42,22,64,46
p7_zm_vending_packapunch_weapon,1,6.00,7743.99,1,24,12
p7_zm_der_pswitch_handle,1,41.85,54017.72,8,36,16,48,22,78,44,164,90,300,170,553,340,793,566,1115,1134
p7_cart_janitor_plastic,1,110.01,141987.45,8,215,106,404,214,766,430,1092,730,1773,1328,3028,2392,5747,4738,10447,10770
p7_cai_cart_vendor_metal_base,1,101.90,131517.63,8,144,100,216,140,498,300,912,592,2076,1424,3891,3000,5343,4422,6791,6006
p7_cart_utility_electric_02,1,160.30,206896.55,8,188,96,567,295,1203,661,3206,1857,5247,3307,9230,6249,11097,9509,12538,13045
p7_laundry_cart_01,1,109.78,141687.22,8,74,28,138,56,260,112,472,224,763,420,1385,842,2019,1406,2764,2812
p7_box_wood_01_sm,1,31.67,40881.48,5,252,148,355,256,419,376,505,524,505,524
p7_3d_printer_safehouse_01_box_dmg,1,190.03,245259.88,8,646,368,646,368,646,368,646,368,646,368,1276,709,2304,1417,3349,2836
p7_3arc_lobby_door_front,1,183.67,237060.34,4,265,136,479,274,654,457,1090,916
veh_t7_civ_city_car_destructible_blue_sing,1,136.17,175756.33,8,876,498,3866,2534,7288,5103,13531,10272,24407,20714,32545,31008,39004,41290,43654,49388
veh_t7_civ_city_car_dest_attach_blu_sing,1,136.34,175966.88,7,544,539,1063,1077,1880,1889,3382,3241,7635,6752,15114,13503,25564,26981
veh_t7_civ_city_car_dead_blue,1,132.73,171312.77,8,565,284,1022,569,1938,1139,3308,1993,5463,3418,10654,7125,18813,14251,31348,28488
veh_t7_civ_license_plate_back_singapore_compact_blu,1,17.76,22917.21,8,32,16,32,16,32,16,32,16,32,16,50,28,89,56,122,114
veh_t7_civ_license_plate_front_singapore_compact_blu,1,17.76,22917.12,8,34,16,34,16,34,16,34,16,34,16,50,28,94,56,126,114
veh_t7_civ_city_car_destructible_green,1,136.17,175756.33,8,876,498,3866,2534,7288,5103,13531,10272,24407,20714,32545,31008,39004,41290,43654,49388
veh_t7_civ_city_car_dest_attach_grn,1,136.34,175966.88,7,544,539,1063,1077,1880,1889,3382,3241,7635,6752,15114,13503,25564,26981
veh_t7_civ_city_car_dead_green,1,132.73,171312.77,8,565,284,1022,569,1938,1139,3308,1993,5463,3418,10654,7125,18813,14251,31348,28488
veh_t7_civ_license_plate_back_cairo,1,12.93,16688.54,8,28,16,28,16,28,16,28,16,30,18,61,39,100,78,150,158
veh_t7_civ_license_plate_front_cairo,1,13.01,16793.12,8,28,16,28,16,28,16,28,16,30,18,61,39,100,78,150,158
p7_barricade_concrete_modular_01,1,108.67,140251.97,8,47,22,79,44,138,90,259,180,465,342,761,684,1023,1140,1692,2280
p7_zm_zod_magic_box,1,124.82,161096.73,1,41142,68970
tag_origin,1,0.20,263.72,1,24,12
skybox_default_black,1,1362.16,1758087.75,1,316,448
skybox_zm_factory,1,1362.16,1758087.75,1,316,448
skybox_mp_ethiopia,1,1362.16,1758087.75,1,316,448
skybox_cp_mi_cairo_lotus_skygridge,1,1362.16,1758087.75,1,316,448
t6_deathhands,1,65.54,84592.98,1,439,760
zombie_blood,1,17.94,23159.29,1,426,510
p7_zm_zod_magic_box_tentacle_teddy,1,26.10,33681.77,1,5371,6239
